Specimen,Drive,f_Hz,LoopAreaShoelace_J_per_m3,LoopAreaParametric_J_per_m3,EnergyLossPerCycle_J_per_m3,PowerLoss_W_per_m3,Br_T,Hc_A_per_m,dBdH_0,R2_Vx,R2_Vy
Iron Nail,C-V3,49.97420686629727,1886.563142974046,1936.3628934094872,1936.3628934094872,96768.19980346765,0.04100115751763455,773.2741523517752,5.3824951971653205e-05,0.9998506020344158,0.9996644021805825
Hacksaw Blade,C-V3,49.937872891860536,989.9277460507874,978.6686772276155,978.6686772276155,48872.63200663795,0.050689148043204894,333.6499537768862,0.00020379481760070224,0.9999057414222722,0.99990137757373
Transformer Stampings,C-V3,49.96395302583346,302.7269481304684,335.12564931324243,335.12564931324243,16744.202200038784,0.007907982218046845,149.1541456445267,5.314330875147729e-05,0.9998825945603784,0.9992872653091139
Ferrite Rod,C-V3,49.954901819167105,187.65488330379594,207.7473693815084,207.7473693815084,10377.999440643494,0.004592165930767613,101.54226038924257,4.47948973129555e-05,0.9998578111920631,0.9996087212655305
